business_id,review_stars,cat_elite,cat_limpieza,cat_ambiente,cat_promociones,cat_extra,cat_interaccion
fBNjTSdPJ1mtTzIHYpQnDw,3,0,0,0,0,1,1
my0bmPD5dgDFE1ia__LNlw,3,1,0,0,0,1,1
bP8Y5cHMda64Z3tGA-cYzw,4,1,0,0,0,1,1
pSFiOUTMtyoSBpZ_T13rUA,5,1,0,0,0,1,0
7m6eMVvrMx1DKiXxocYaNg,5,1,0,0,0,0,0
IgCwdvf8RTNUkcUhylBGBg,4,1,0,0,0,1,1
WARb17HevgrkmZDDRXRhGw,4,1,0,0,0,0,1
EbBQI254WN0AoH-y21-gCA,4,1,0,0,0,1,1
4LxrCAMxPhoFGCAF-dvWqQ,3,1,0,0,0,1,0
sZpCsqIbCfHr-CziYw-O1g,4,1,0,0,0,1,1
fzOy2gQYML9Pb9XVzWAL2g,4,1,0,0,0,1,1
EIy9vk7eeIpPHRjD1-PnNw,4,1,0,0,0,1,1
z-s_l9SLZiqhAArcdkYOaw,5,1,0,1,0,1,1
rugMei20nwoL-Qi-mpuxVA,3,1,0,0,0,1,1
EDODTmZbECNOErpUFgYk9Q,4,1,0,0,1,1,0
cV6qQ58k6hPYci5n8jxX5Q,5,1,0,0,0,1,1
xaiOUSSSf9rbYz_4e6dIcg,2,0,0,0,0,1,1
KZW_CVB-8pmIGYX_UVmsqQ,3,1,0,1,0,1,1
AtfFqRVRD9w6bB5l4UyChg,4,1,0,0,0,1,1
YVCkBdxbgQlPM-yU_Y7Cug,4,1,0,0,0,1,1
TpIhYxu_bwkj0JbEmEPg5g,4,1,0,0,0,1,1
CLEWowfkj-wKYJlQDqT1aw,4,1,0,0,0,1,1
phhhWAJiNCVeTMJPNoR8Bw,4,1,0,0,0,1,0
uCTNQAoc5LmYOC3569nboQ,5,1,0,0,0,1,0
3pxDvNe2bHkT5hEFssrfUA,4,1,0,0,0,1,1
oLUopPGK25ty8bNPaDaTLQ,3,1,0,0,0,1,1
4L4jIsbks0OpjnDOs1Ac-w,3,1,0,0,0,1,1
aQopU26oKyD1mmDS7CZPtw,4,1,0,1,0,1,1
cn1yw-FBNxGYT4PCaQS-eg,3,1,0,0,0,1,1
thvK2OYrjTJnjSrBAnay3w,3,1,0,0,0,1,1
So6WRRwHFMd2tusWnoZVwA,4,1,0,1,0,1,0
MIpB_MNDNmtB61hu3yFqVQ,2,1,0,0,1,1,1
DTW52w2NNaAf21pwlNSwHg,4,1,0,0,1,1,1
Kc_IvXtGDPmHjJifS-CuOA,4,1,0,0,0,1,0
BcWx80K4i0LjIkH40o_Kkg,3,1,0,0,0,1,0
qelFKpW-xIr6A5SLBjmVHw,3,1,0,0,0,1,1
77AGvT1KkYZJtyr6egeiZg,4,1,0,0,1,1,1
vvnbAFb-aY1ykHdq9oMB_w,4,1,0,0,0,1,1
DbHJRVWZXx64_5f2M-RUJA,4,1,0,0,0,1,0
7e_KHdnAy5wwyHbCwvG8cQ,3,1,0,0,1,1,1
LNcfd-D47Kj9vYfC3cK9Lg,4,1,0,0,0,1,1
jmk0b8HZot9h8q6Y12PvNg,5,1,0,0,0,1,0
WO_wZUmLvbIyaTZYeaS--Q,2,1,0,0,0,1,0
bfT-S1heLJloRi1VLDXSPQ,4,1,0,0,0,1,0
MOX7i2dQMS_ZrsJhQ6-0QQ,4,1,0,0,1,1,1
_WlLuhqMZYu2VEhwiSnjXA,3,1,0,0,0,1,1
4HHolU9V3HaBsVf9BuHcEg,3,1,0,1,0,1,1
8UDUCZcdrAL43UaaQWHQ6w,2,1,0,0,0,1,0
21FmdG3T6NuZ3pNm9aOMng,4,1,0,0,0,1,0
vnR7xIHTh2sh55cqJNVFEw,3,1,0,0,1,1,0
ITArphz6LYBkall0VZYVKw,1,1,0,0,1,1,0
mzDiq3PKYqQBV2pdXLAjFw,4,1,0,0,0,1,0
JdRP7ZppyhhnK955Qcp20w,5,1,0,0,0,0,0
9Rww8yE6Dm4dSMEq09nwXg,4,1,0,0,1,1,1
wcppVzRVOFwZp3-Qdwb_TQ,4,1,0,0,0,1,1
tH5iprojwzyheG05S4pA4A,4,1,0,0,0,1,0
NEqlF-UdizoKZ3SEwh5VEg,4,1,0,0,0,1,1
kpwd7oPk52gQZ_Ni8aj-Kw,3,1,0,0,1,0,0
U3Lk8KJAa_XKeMfDiHRXNA,4,1,0,0,0,1,0
4Wwzk7wkTNZ8Gy0rekLPeQ,2,0,0,0,0,1,1
ierIxYI5PFNBDITydTs1fQ,4,1,1,0,0,1,1
GZsgQBg7AiFnD0W5hWF2ig,3,1,0,0,0,1,0
FYzZd2mlMIPScy95UY2xkw,1,0,0,0,0,1,1
oLdqWw3Ct6Vh7k2cVjqSsw,2,0,0,0,0,1,0
gbetDRjllP5cOxaWxFjGHA,3,1,0,0,0,1,0
2k3DNNMHtVwk09BoSCxEHQ,5,1,0,0,0,1,1
XUTboDILPqOYaEfR6yuPww,4,0,0,0,0,0,1
5-lsWndRatqrCG9pEwcP8g,5,1,0,0,1,1,0
wd-7MEBIsOLVnYaw9BOy1w,3,1,0,0,0,1,1
CflUbh-nhJnpo8Uodr84dQ,3,1,0,0,0,1,1
MG7Edp3cK0wSVAuCx_43bw,3,1,0,0,0,1,1
PVbkPTLHeAZfCp-nUTS-Ew,4,1,0,0,0,1,1
4wBv2DoycwLZwbb7xaqs0Q,2,0,0,0,0,1,0
G1EStwbrdBbCKQnG4UYVjA,5,1,0,0,0,1,1
dN3z-n8kWpJ9wjHEov_cNA,2,0,0,0,1,0,1
u8Re0Q_j-JELa5_4-kpIGg,4,1,0,1,1,1,1
kTLsBLzK0Pr-QDyQSj2h1w,4,1,0,0,0,1,1
VsscoyR-OjQMKY2bNXJNYA,4,1,0,0,0,1,1
oeA0KXqdWwbBJc5FUFLazQ,4,1,0,0,0,1,1
9hbShOYWAjjfl8bJy7n3pA,2,1,0,0,1,1,1
1z99pivXhZNFbg-vXwHwag,4,1,0,0,0,1,1
zhUFx2fd7S0DxKSQJ2J4SA,3,1,0,0,0,1,0
Q8Kno85J2thZH31KGb-Krg,3,1,0,0,0,1,1
uYEiDDgyOBuW1ZC1RBhRyQ,3,1,0,0,1,1,0
XzkDZsfPNkqnows3ngOzpA,4,1,0,0,0,1,1
cYUFOGu9ZD34mP3DjC6vGQ,2,1,0,0,0,1,1
nhf6me9zjwT66CJ4MNMStA,5,1,0,0,0,1,0
XQvtwo371oqkZSO01x1pJQ,5,1,0,0,0,1,0
e88j2blzIYJGIAuQO_F68w,4,1,0,0,0,0,1
wIX0p3ZfPinVJtg-yYgrlQ,3,1,0,0,0,1,0
5-Q_6MLNtoVt7u4fwuzcmw,3,1,0,0,1,1,0
cVyknd5MHhqKvGwayRHzog,1,0,0,0,0,1,1
i5-7pNVVJWjck2uAEUT0bA,4,1,0,0,0,1,1
zqz0tXwhe6TJDXFg0Nz5nQ,5,1,0,0,0,1,1
4iPxzZ3FaTus6HFTdCOY-w,3,1,0,0,0,1,1
XG0pTbdjYz53AqkXjCDkPw,3,1,0,0,0,1,1
LgJMQdAOPm_1dlZ7fHJunQ,3,1,0,0,0,1,1
HEIi9lYs-cXWg99ph90lUA,4,1,0,0,0,1,0
jpIUquM3eHfiuy2IiwvVeg,3,0,0,0,0,1,0
KSz4iaxIkC0uiLZJjM7AAg,3,1,0,0,1,1,0
aOz57yKwaphCmt8xoFCG5g,5,1,0,0,0,1,1
yPWDGL7PN-T9QWqcJdK1Lg,4,1,0,0,0,1,1
KcvY1mPEQb0cBflIjVJj5Q,3,1,0,0,1,1,1
yk8BDiK6tBcg_rLJtyKWKg,5,1,0,1,0,1,1
rppcrq79Tz0mmUw7_mWgoA,4,1,0,0,0,1,1
YEXdh3eybRPWninCEBtpUA,2,1,0,0,1,1,0
mYqB1GAngup8xkkdrD1UcA,4,1,1,0,0,1,1
-0qOecqGXEf_6TwaiX9E5A,4,1,0,0,0,1,1
qDo9F_x5Qon3gSJ0AyZIeg,3,1,0,1,1,1,1
HRmbrbl0FgKc8Q_QmlPcew,4,1,1,1,0,0,0
macNVhkE6uZOXM-Wtt5bBA,2,1,0,0,1,1,1
W4w89o1veJ7yhJKHs6Pdtg,2,1,0,0,0,1,1
OWTp39QigYY8r_aG04MLwg,4,1,0,0,0,1,0
9g-lcizIhddq4L4iurt5qg,5,1,0,0,0,1,1
5a-L0OU42JPK55h3oGowZQ,5,1,0,0,0,1,1
uPy7arTGvzSxkD5jZV3SbA,5,1,0,0,0,1,0
ItEJOdUrfKy18pprV-TyYw,2,1,0,0,0,1,1
4N793NJDZEcms0yKyjSaVw,4,1,0,0,0,1,0
an7KMQHzxBZeyxCyj76lOQ,3,1,0,0,0,1,1
FxOrCFtUytkNKxpJ0hTHRA,4,1,0,0,0,1,0
_ADJ8WRmfok-01lwYplybQ,3,1,0,0,1,1,1
y8-pJyJQ_BO2GJrWowaiyA,3,1,0,0,1,1,1
pCaqpiDDf_or5A-zWr0DUQ,4,1,0,0,0,1,1
o7S4SXloTfy8i7ESiJeNqw,4,1,0,0,0,1,1
RvJdycyrP06vcTNr-byCTg,4,1,0,0,0,1,1
Q_sHBiJ2zRy4z1iI_l133w,2,1,0,0,1,1,1
DlqpjHNz8x2oND1wyHp1ZA,3,1,0,0,1,1,1
At-3xbLHtlKsa2_vUHPlyw,4,0,0,0,0,1,0
2GreXhwEXRLc673Mj_Vyjg,5,1,0,0,1,1,1
2RH_0HH1z3YW-2lO9wqEbg,3,1,0,0,0,1,0
g0EGRY4TvP-VI6I6c_6O7w,5,1,0,1,0,1,1
7hGpL1Qv3Y3qYgJCP6UeEA,4,1,0,0,0,1,0
YBqB2z1BLCJxyv0sZZa4OA,4,1,0,0,0,1,1
3StbUpz7IWtOeOpOvPhphg,4,1,0,0,0,0,1
ofG-B4hIzJq_qidBrfyZhw,5,1,0,0,0,0,0
MWvkorNu6WKVgB5FGWVSRw,3,0,0,0,1,1,1
Zxlul--TbJ2qW9QhW_VzUg,4,1,0,0,0,1,0
wseTiH0RiWXM-tuwx-TiEw,2,1,0,0,0,1,0
PiHChXsj6UH9AZeUqzpEvQ,4,1,0,0,1,1,0
0UakJQt4R8r39Bq13ntjRA,5,1,0,0,0,1,1
TgedHxemNlFS3I4aS6zU7g,3,0,0,0,0,0,0
--gJkxbsiSIwsQKbiwm_Ng,5,1,0,0,1,1,0
BlQjz6Qx7iqMUQzvOyUnmA,3,1,0,0,0,1,1
hzry_2pw53_GkjJFsMzo0Q,3,1,0,0,1,1,1
6XZESJv1rcBnSDNn6X86Uw,4,1,0,1,0,1,1
sY6eWKPH7gpqG58HP0DGEA,4,0,0,0,0,1,1
5MZN_FO_IqErFekR2lZTEw,4,1,0,0,0,1,1
KnO6rVzvNshHc6C3HQAf7A,5,1,0,1,0,1,1
sHJ--t6ttHs8Y8ohAfAi1A,5,1,0,1,0,1,1
KIjNyd57VtwQStcU5DhVmg,3,1,0,0,0,1,1
KbklOyVTejoewite5VifVg,4,1,1,0,0,1,1
dIDQR0I5uRE90bnrq-t4uw,5,1,0,0,0,1,0
Pv6j9JC0d_7v85Z7TkIiFw,5,1,0,1,0,1,1
cAd0-3lCaNjrhgm0GluM1A,3,1,0,1,1,1,0
GP8aRgm2lbv7Hgv3pe2a-w,4,1,0,0,0,1,0
zPRKwvJu8eoDixvuMVR4DA,5,1,0,0,0,1,1
pvyWBcZeRg1RnP4BTp-kCQ,3,1,0,0,1,1,0
gDi3oN7LsLFsEg7ayg2T6A,5,1,0,0,0,1,1
AIHmAQbFb3_cqhrqGoId4Q,4,1,0,0,0,1,1
ejkLxMkeU3GJuFkY9R9wrA,5,1,0,0,0,1,0
D3D9l4q23WSgDKN-091JNg,4,1,0,0,0,1,1
uKtnOXVStnOrYGqh1eGP2w,4,1,0,0,0,1,1
_olR8aeQ_-ga860F8tvG0w,3,1,0,0,0,1,1
qM7_jNcuhPuRmbgWYjRBEA,4,1,0,0,0,1,1
13GR3xAcuIH66fin3ZLxwg,3,1,0,0,1,1,0
qstUIThj90vC0jNjYjoxug,5,1,1,0,0,1,1
xZfs3QHJVMU4wpsBRHQOjg,2,1,0,0,1,1,1
kC7N8f2NwoqL21xqaj6iKQ,2,1,0,0,1,1,0
kMSUZlaMze8GEqwiohYFBA,3,1,0,0,0,1,0
bG0SvM1cIo7KNeX0HDsyoQ,3,1,0,0,0,1,1
CbBqxZmkvEqwV1EFEexITw,4,1,0,0,0,1,1
DybtxtUevHQwGsBJlJC-aw,3,1,0,0,1,1,1
3Vu_bxaqbTwnzGju85R2Yg,4,1,0,0,1,1,0
5B40GOi3vnWkrerGNpIyFA,5,1,0,0,0,1,1
IReGQozKLvvMpIVr61caYg,5,1,0,1,0,1,1
gZH68o3QrxiMFtGg2zVqgQ,3,1,0,0,1,1,1
NrNpYiY_fTXifmbhL5gKew,3,1,0,0,0,1,0
qT9VpKHy7meFeidwXsN1sA,4,1,0,0,0,1,1
9MHse2q2M69nNJeIGtAoEg,5,1,0,0,0,1,0
LEzpPSh5swADnEmkeFR8Pg,3,1,0,0,0,0,0
8sUOL3Svz6KgBrtCFNDKQw,3,1,0,0,0,1,1
N53TXBzvwtep-O1LTYrLVA,4,1,0,0,0,1,1
jmZ_uc4-Sd5GcniYfbHYZg,4,1,0,0,0,1,1
yQ7kjXT2w_ISkQC2TMCzEg,4,1,0,0,0,1,1
fnAskN29ZOIefCOB_J2sjQ,4,1,0,0,0,1,0
bpGhMp9tuiGQCeQKNXlWEw,3,1,0,0,0,1,1
jnSKRJkNs1F5a2wWDem6xg,3,1,0,0,0,1,0
BRs9RVFTpErtUSB7uD-mYA,3,1,0,0,0,1,0
vBajGjAZKePMX021UVHo_A,5,1,0,0,0,1,0
cNe2kv4OX-ciAAlDrT0nvA,4,1,0,0,0,1,1
V58Gx-Skk1IphpssvMKnvw,5,1,0,1,1,1,0
CZj7es5uuGb4RtNWmyBVhQ,4,1,0,0,0,1,1
N3yd8whX9BW1HLz63XthBA,2,1,0,0,1,1,1
f2EryWpek9OFWrkR_jXQAQ,4,1,0,1,0,0,1
kbnDjeXlq9Yi4d8Lz1YcaQ,3,1,0,1,1,1,1
VzJETJvbd_A1AaMJkaAwFA,3,1,0,0,0,1,1
Y7155Nrd-F_nVWErKX9NIg,3,1,0,0,0,1,1
KNVA1iBKBZARzdA9SasgDA,3,1,0,0,0,1,1
Dd_C6AHCAamqfDgPnwW9cQ,3,1,0,0,1,1,1
a4qmoeiRlN6QQ3Gn930j5w,3,1,0,0,0,1,1
Pt3zysqPuQm0XKlN4h3rGw,5,1,0,0,0,1,1
H0RtPGBB6PmFBVZrtUA-7A,3,1,0,0,0,1,1
6-XiYrhugp5xsx9Ofm82xw,4,0,0,1,0,0,0
qZUxI5RbbLiGLSv41wiqWg,3,1,0,0,0,1,1
xBQAEzQaUsvHasCp_eYLKQ,3,1,0,0,0,1,1
CiFX18q6bfw5_Ob6MtMmkw,4,1,0,0,0,1,1
ATbojITCoQDhKqH8RswaaA,4,1,0,0,0,1,1
ByWqHjSZGpa1KsS2sxrVzg,1,1,0,0,0,1,0
ypv2xbWuFggoCkiigXYiKw,4,1,0,0,0,1,1
amwlIN_keXCgw3gTvb4Mhg,3,1,0,0,0,1,1
tS8yAIoKHKOdvDnvQDLMPw,3,1,0,0,0,1,1
I6RJg4c8W0XYOl4Vsya_wA,5,1,0,0,0,1,1
ojAkmjXt3r5wjNxPoZ-NZQ,4,1,1,0,0,1,0
CJpVHZsBs2QIyCVzzmbnpA,3,1,0,0,0,1,1
ZDzDV0MW0qc3-4JbjkOnWg,2,1,0,0,0,1,1
6OrXDINe8_u4UU1VetFiow,3,1,0,1,1,1,1
-Um8zHmAF3T20C7aKCjndg,3,1,0,0,0,1,0
Ka81lwF4YBxyjcmt9kVEgA,4,1,0,0,0,1,0
etOBc91UiRijNM8f1zeJmg,4,1,0,0,0,1,1
-LoqS47uKarX-tn5PXgWYQ,4,1,0,1,0,1,1
HOYYuo5ErA8guAtPfxFT1A,5,1,0,0,0,1,1
TKfNGtriRJ5Azh8eNbFIkA,4,1,0,0,0,1,1
T9kf1YuMNz6xrajRh7enyg,4,1,1,0,0,1,1
TsH8X0GV1DrbA7MtAlxWvg,4,1,0,0,0,1,1
3hbgSQXmvLBvttxwfAasng,5,1,0,1,1,1,1
OeGGbMsZOTvETxb_QYkitg,3,0,0,0,1,1,0
G5IPYoL-c0mZYVx62OlVqQ,3,1,0,0,0,0,0
Kt2MjnFNMt5NxY9OBDQKqA,5,1,0,1,0,1,1
o8Nkzy6byRH9RaEQWrIoJQ,3,0,0,0,0,1,1
o644e8y0gqcrjhX_l-HY8w,5,1,1,0,0,1,0
ToC1lBAyTIHbSRDdaZRjKg,4,1,0,0,0,1,1
P3Mt6a_ief97JPfzkiSsaA,4,1,0,0,0,1,1
YMzgbe6DJ_40oSv6_gNLQw,5,1,0,0,0,1,0
K9a4y8XRPCep_zo6gVwWaQ,5,1,0,0,0,1,1
o-Ql001ekTmFMDIyTLvIQQ,5,1,0,0,1,1,0
Bi_kjzDgcNB9yobFM_QC4A,3,1,0,0,0,1,1
amoL0QcieJknBBDoozjuxA,4,0,0,0,0,1,0
R8cdeX_NLeCk7IGsGSX3fQ,3,0,0,0,0,1,0
yXHpVMz1RqjfkX10zeJBTQ,1,1,0,1,1,1,1
WM7AXRA1BB6hVszoPvvkyQ,1,0,0,0,0,0,1
D4yA3LQRAAErqOf_KFXAfA,2,0,0,0,0,1,0
77ukyeEUObX--vB3BBp_6A,3,1,0,0,0,1,1
O69OCM8Em9ZoJoV_GVhw-Q,4,1,0,0,0,1,1
gNJ-4yDgHzj4oTOmpPGVEg,4,1,0,0,0,1,1
0K_sVYoJkjNJiqQPUR4OuQ,2,1,0,0,0,1,1
d49ly-dvDu1GyfaEOzrOWw,3,1,0,0,0,1,0
rZFm1YslDSv-Uy2oZ41eIQ,4,1,0,0,0,1,0
c3Cg--znjoEsTLBNkaEwaw,5,1,0,0,0,1,1
p-2vPK0OcRw8WR9C2F81Dg,3,1,0,0,0,1,1
7cdG6uHH2Xc_Z8VEKHEKsA,3,1,0,0,0,1,1
Lpr5jNtrXgrRtWg3YGlcjA,4,1,0,0,0,1,1
beFy7nfTCpHfGIgYTuTSFQ,4,1,0,1,0,1,1
0Sa2hQnbS9hoRthHKOGepg,4,1,0,0,0,1,1
6ZPW6VkgEYYb-DA5J0byrg,3,1,0,0,0,1,1
kc4Clr5Nq7vuzmWHlITbRQ,3,1,0,0,1,1,0
NHVQ8bMFx_vMRGIoA7ihBg,4,1,0,0,0,1,0
5q-H6L0lU40A4kWvl6amig,4,1,0,0,0,1,0
WeGz0K48JBnRoKO_l8SO6w,4,1,0,0,0,1,1
vSihXpDft3dXbZRbDa1AmQ,4,1,0,0,0,1,0
IEKokM_amGcbgVvyOoZKuQ,4,1,0,0,0,1,1
g-YhAgXduF_tz38u-lQlWA,1,1,0,0,0,1,0
EjenPUBG4SbxpC3CB4_Hng,2,1,0,0,0,1,0
xug7XFt2-jj7xSKWlxVlGg,4,1,0,0,1,1,1
YMWwwyVCuU5LcjeEkEV1dg,4,1,0,0,0,1,0
OiRizu9fD9pXSYVFwNrMsQ,4,1,0,0,0,1,1
7teMVlWdNuAQY7TKQJNASg,4,1,0,0,1,1,0
cM6WfPo0bRr0QOceNoZEIQ,4,1,0,0,0,1,1
tcCjpEEGxXf46vyNNb8rKg,3,1,0,0,0,1,0
DCCyDTwYhyzeznIyDpjmBw,4,1,0,0,0,1,1
7oej-sB_s108ZAK1ATIAPg,2,1,0,0,0,1,1
BAtCVjDsP7nTX_9VJAoqpw,4,1,0,0,0,1,0
kTzt1OcjMFaRrWuwJA4bSA,3,1,0,0,0,1,0
WSfT-yhUSXMk4h9dEoyNJw,2,0,0,0,1,1,1
oGE7WCtqFfkY_QorkFymuQ,1,0,0,0,0,0,0
Z-RG-NA1iwcUkFuxShGooA,3,1,0,0,0,1,1
mnYFBNgk6amFOi-Y5L5xig,4,1,0,0,0,1,1
XqpQRVSQ6T_5f64ojjVmCA,3,1,0,0,1,1,1
tKr35anAX4qao0tuM21QqA,3,1,0,0,1,1,0
NuC8lNjQWJgSQ3y3iIdZwQ,4,1,0,0,0,1,1
CSl_zI0e1WSlairJMhA_DA,3,1,0,0,1,1,1
0z5hRdV9bu05gAqUt7aFlQ,4,1,0,0,0,1,0
Zc0xsDB-httcH3XZxM_5Bg,3,1,0,0,0,1,1
WNsCwkl1WGz1Getz3kZojg,5,1,0,1,0,1,1
ZZ8mzJ0ePLZYdyUAM21m_A,3,1,0,0,1,1,1
lSooXg2B5yngbNmisot_tA,4,1,0,0,0,1,1
xiwmFksInxGZZSFaoZGxGw,4,1,0,0,0,1,1
yXiRH0q4EefNPwVe1vyDug,3,1,0,0,1,1,1
TM81Bgm6ynYfIE1lCChyfQ,2,1,0,0,0,1,1
dO-H2HIHaRdmm0naGJ9krQ,3,1,0,0,1,1,1
WCK9AntXvsOppysIZ-oLeA,3,1,0,0,0,1,1
sAiNnCX2wNBAbS06NfUQfw,3,1,0,0,0,1,1
ujs-Jr5Jx2vv9y3GpTe2Jw,4,1,0,0,0,1,1
Yh4QJvWKUBSsI0S_zzFFfA,4,1,0,0,0,1,1
itGjLkOstlt5xWAxISlAsg,3,1,0,0,1,1,1
MfPX16N8cbk21zJvP6B9Wg,5,1,0,0,0,1,1
GZhMnIPBKwLtBgtvZ2_3BQ,5,1,0,0,0,1,1
PxR3zuzch5FgDfWJ93ru6Q,2,1,0,0,0,1,0
8MmDiZPK4IB33PaE7cKL9A,4,1,0,0,1,1,0
uIEbU-1PoQ3K7mFk4p0cvw,3,1,0,0,1,1,1
X7b6WMsGnNZVKHGYc06k_g,4,1,0,0,0,1,0
udEMw0I9TF-yFyqLPcR4og,4,1,0,0,1,1,1
9j1yT205wwkY7Mta2cldZw,4,1,1,1,0,1,1
YAIlEauYA1ap1PZzj8mIyw,4,1,0,0,0,1,1
NR7QEeAQ18xbttfspsvgjQ,3,1,0,0,0,1,0
2oGdZKyLD_jmQucCWGTKFQ,3,1,0,0,1,1,0
XpqVXAjugptitM3UBM9H-w,4,1,0,0,0,1,1
Vh6mWpkzFnV4g8monRCbNA,4,1,0,1,0,1,1
nXzkY4OCLuAUgAMJoWMm5w,3,1,0,0,1,1,0
Ue5FAeQWQJ0jGal4IslV9w,3,1,0,0,0,1,1
2gP6_NF9T4rQmcDgFESfBQ,4,1,0,0,0,0,1
d1iPSCRQqFYDf1eEAfDMCw,5,1,0,0,0,1,0
x5HmqZv7vv7AEInHOIaRyQ,4,1,0,0,1,1,1
Tgln0v-WiPH8HkuJeJZUqA,4,1,0,1,0,1,1
hhB6SG75iRreNo0ZiJZOBw,3,1,0,0,1,1,1
DY0O8X_C2Kyvx6OFGjPz0A,3,1,0,0,0,1,1
hwP_TyJWuOXbswzuqu6bVQ,3,1,1,1,0,1,0
SfqFU9nSMgHvW_nYtBHXBQ,4,1,0,1,0,1,0
dfv1W93sHaNKAuY2XOufVQ,2,1,0,0,1,1,0
lF5MnWhSWQ1cBN9T7-iDOg,4,1,0,0,0,1,1
isy_HOPqVWyiRvQoLXlXXw,3,1,0,0,0,1,0
TymixFyiKpCGNVgvxm7oQw,4,1,0,0,0,1,1
RqpKDBvvgSITmeu_qXDRqQ,5,1,0,1,0,1,0
moHqCl1Ym8UHORJ5psGTdg,3,1,0,1,0,0,1
2SlzqZRAh2g0PUQ0C8PZ8g,5,1,0,0,1,1,1
N14Ic-2mdBvFdT0YvgWxXA,5,1,0,0,0,0,1
BBGWBlihfm0vvLkcRJR6yw,5,1,0,0,0,1,1
SDJB8MHrsMCtih4GmW7PIA,5,1,0,1,0,1,1
kDqSxNUWRaNR0sulKp7gPg,3,1,0,1,0,0,1
5hw_kMMw8s4X0xWXOdsy0Q,4,1,0,0,0,1,0
33GLey6kOV78YW-49741Bg,5,1,0,0,0,1,0
oqg6lkGtOQ38jtgPnRqVHg,5,1,0,0,1,1,0
-P008_MriBRX7JjdMLAK7w,4,1,0,0,1,1,0
JZku_jQeeHXSdsWdXaW-Hw,3,1,0,0,0,1,0
LmvUb2AxgEX3oUNhKEpr_g,4,1,1,0,1,1,1
ZP0QFkDEMQXk2GablA2J8w,4,1,0,0,0,0,0
aXBIlSFu-5bBEMNZmwMD2g,5,1,0,0,0,1,0
UrNrdA4BruhPF3ym8bh36Q,4,1,0,0,0,1,0
YiAF1SaKXKh8f9HHwjhefg,3,1,0,0,1,0,1
TrRK0RN86WkkElFJQv1IzQ,2,0,0,0,0,1,1
WjoCgghndEw0Cq736UTHAw,3,1,0,0,0,1,1
sjutGGIgKF49e0XURe6fFw,4,1,0,0,1,1,1
l09YmuCMWVe5zjj5xBTdlw,4,1,0,0,0,1,1
vBbw7V5fUaOSPgDe7ofqZA,4,1,0,1,0,1,1
60lyE0aqFQbjb-NwMnSuFw,4,1,0,0,1,1,1
2gAiiBGtFQAUxJQ-DWto_Q,4,1,0,0,0,1,1
xUEerHiQik4vAzD0bJaIeg,5,1,0,1,0,1,0
8Mkxq3JR4s7-K7AYQ7YWBw,3,1,0,0,0,1,0
kp4FGzyFvsG3aDKFN7kGIw,5,1,0,1,0,1,1
L31zFOiZys2x8Pp8jZGgpA,4,1,0,0,0,1,1
pPap7XF_3luhKhIaUPuZ2w,3,1,0,0,0,1,1
TvcjDDA9WT4yErr53MLVKw,3,1,0,0,1,1,1
Y36t15AiaL9ZPDHkD3zpoA,4,1,0,0,0,1,0
Yexe_nmAf1ipwh07ny8sNw,5,1,0,0,0,0,0
4UkoDv3c2f6zZQkWapkGpQ,4,1,0,0,1,1,1
2nPOx7eizejhX-iVb0kGTw,4,1,0,0,0,1,1
yIkNTIbj4V2g-KwU3MwnIg,4,1,0,0,0,1,1
Lp86pBFb3POlmoKk9w5tzQ,5,1,0,1,0,0,0
PV_RWlP3SPTGbi0AucsHng,5,1,0,0,0,1,0
JJ4FoYSND3PWqaYQ1Czt_g,4,1,0,0,0,1,1
63EhfPWWgWp4YuMUrog0uw,3,1,0,0,0,1,1
Aw0UJ3l1tAN0UlNDjODf2Q,4,1,0,0,0,1,1
sT2TMyWiTvHo2tAs0HENXw,4,1,0,0,0,1,1
1WuxDyAlGy7U7r4XbVbpow,4,1,0,1,1,1,1
r2VKXV7Oszz8e49eBZi5Iw,5,1,0,1,0,1,0
oqwXj6eP329h2S-Y6PMZow,3,1,0,0,0,1,0
HtYhzQb1sj211F9fVzGy_A,4,1,0,1,0,1,1
pQIkNYPDhwE5PsjKxyyK5Q,4,1,1,0,0,1,0
xZ-maqa1PlWb_qYNQGbttg,5,1,0,1,0,0,0
ziYoin2qn1AzgWU26Wnvzw,4,1,0,0,1,1,1
Bvmf9glFc5H1Kxy1Lx4WhA,4,1,0,0,1,1,1
1yKCB5hF0G6uBoyiMo6OyQ,4,1,0,0,0,1,1
nBi3K4O7lkrTVaTg-UiTKQ,4,1,0,0,0,1,1
hY_gLXsHXPEsr7EcWsvo1A,5,1,0,0,0,1,1
iEEndKLghed2RQf1NtA8Mg,5,1,0,1,0,1,1
A5_HplBv4jOunj9x5XcdLQ,4,1,0,0,0,1,1
HtO3SPx1BiqDwDwd3_kd3w,4,1,0,1,0,1,0
EkET4lMOVJuJeS39q6mHhg,4,1,0,1,0,1,1
6Rqu7vBzP67ML-yqfFUnwg,4,1,0,0,0,1,1
JYIxuoVSIt50jfcWWs8fNg,5,1,0,0,0,1,1
EBkd99JcwEL3y8_DXP9s5A,3,1,0,0,0,1,1
YwKy4rbZgMAiVy3lM5cQfw,3,1,0,0,1,0,0
LCmVh788p9HKwecucG-NzQ,4,1,0,0,1,1,1
iGnsEZ_gzZlfKFXmfyyLBQ,4,1,0,0,0,1,1
h9GWRSIaRGJY9iGCuEjbjA,4,1,0,0,0,1,0
OD5jsUDn24Yr1RQMLKew-Q,4,1,0,0,0,1,0
glvg6i1dC_hmfC7ugu4afA,4,0,0,0,1,1,1
X078zqwEzQlw37iyG-A8TQ,4,1,0,0,0,1,0
Pud543MVxRoVCl3JFQgq9w,5,1,0,0,0,1,1
M2cFZdPrLhhjwi7Ojrm48Q,4,1,0,0,0,1,0
Hq5yQVThsPKPvtY-kUKgdA,2,1,0,0,0,0,0
s0REu37pzbDnzKpTyW2Xyw,4,1,0,0,0,1,1
chKYcbxS6qh5PFXB4UiPFg,3,1,0,0,0,1,1
ovNR6zv_meFC2JGrzmIyhg,3,1,0,1,0,1,0
etQELat9f2TrRq2m90fPmw,4,0,0,0,0,1,1
8OZE7p7wlb_0ANEJvIPXdA,4,0,0,0,0,1,0
o4WGR2hv9eIrUeb_yVhK_A,3,0,0,0,1,0,0
4uSF56Wa7sFXuTHHxEq_tw,1,0,0,0,0,1,1
yaqvJd1RUNGbRcsh4OqUuA,5,1,0,0,1,1,1
SpGx7d37AOliKUlbGnCjpA,3,1,0,0,0,1,0
bYmCTwHuyb8CK_hNM913Ow,1,0,0,0,0,0,0
AM8eRvo7QD0QJtca7PYuGQ,3,1,0,0,0,1,0
4VE7LGhdZpXRQj6SPrnBXA,4,1,1,1,0,1,1
zVDtKWArVQnESSsbrgmVCw,1,0,0,0,0,1,1
Ep3tHKc8ZCYBS9nMLkIYAg,4,1,0,0,1,1,1
4XcyL9tqIZeoQ2VVDCdUBw,4,0,0,0,0,0,0
TbImb3PvXmLwPxsNnQiWTQ,3,1,0,0,0,1,1
FNfsHMhIMzygO_S90EDxcQ,5,1,0,1,0,1,0
smWkeNU57qoE01cRQlSU7Q,4,1,0,0,0,1,1
fRESw-gh5JWNDdovgTG05Q,5,1,0,1,0,1,1
ymBzrzkIxb-JNTi5ulNWqQ,3,1,0,0,0,1,1
0rNnjcpS5-JK0gecgVM2qA,5,1,0,0,0,0,1
bRTWD05drzNfzVP0IadX7A,2,1,0,0,1,1,0
ZMTdF8mdDGpWoluhGSH8Fg,5,1,0,0,0,1,0
HJAPV4PaxPrkE2vdn-HIdQ,1,0,0,0,1,1,1
9UjYdjEcC0PyFzn-TQo72w,5,0,0,1,1,1,1
_tR1dQhKXmowK-WLNzC0Rw,1,0,0,1,1,1,1
hTh3n4IgdK5Q3VjJIJWlDQ,5,0,0,0,0,1,1
KS-_YcMsLdWIbM1slhsWbA,4,1,0,0,0,1,0
E_jnzr_iuZGeUeP-5VMi2Q,4,1,0,0,0,1,1
C9-AL6Cxfb7cJ3tQ07abzg,3,1,0,0,0,1,1
uPoGBg74wu5szsOBzITRCg,4,1,0,0,0,1,1
ZVaEFKOBAGsQSn86xM0_UQ,1,1,0,0,0,1,1
wIekFhz6Ivtj7vN5qt5XwA,4,1,0,0,0,1,1
0qajFQEYoYcYRwWGThbYLA,4,1,0,0,0,1,1
E669D1OgPC0-nrAsyB3Rag,3,1,0,0,0,1,1
Ti_G2cdqKzxy3h37JyVu4g,5,1,0,1,0,1,1
vaZ7jc7NMb7me_QlwtdCRg,2,1,0,0,0,1,0
9aNLFdTxR7TSUv8P4DxAKQ,2,0,0,0,1,1,0
5EJQLjYKZAXhrur_h1n47Q,4,1,0,0,0,1,1
7kebzhOtTMwX7wP3fGfgpw,4,1,0,0,1,1,0
8ZSj95pgzTBdUxORgATCSQ,4,1,0,0,0,1,1
7HnMQDXXWs4K4PtG9YiGLQ,3,1,0,0,0,1,1
9XHGAeZG4qbnEcMtr2txJA,4,1,0,0,1,0,1
Fu3QcNVVIQOHWTvxkOHy3g,4,1,0,0,0,1,1
u_JHcxT-k9su-Qyw3mT1eQ,4,1,0,0,0,1,0
KRGW-57yfrTQJzwTn2KRkg,4,1,0,0,0,1,1
Yrhb8Tc2pxJR1-OhJooRcg,4,1,0,0,0,1,1
3UQBJs1M4FcrM3PxwituwQ,5,1,0,0,0,0,1
WKSf7UQhANmzyxCtJ87abw,3,1,0,0,0,1,1
KmHIn2zzmLfUL9LM3kQVhA,4,1,1,0,0,1,0
XtpONLUnaKtArxQRS7pZAQ,4,1,0,0,0,1,0
5yfn78kdKEnZHHMvQzIZSQ,3,1,0,0,0,1,0
qm4n5ebzaTZwZA2owMaWpQ,4,1,0,0,0,1,1
lAzhqFt9SnLt_DXpu6iwoA,4,1,0,0,0,1,1
RXW3WsOBAkspYaJ96GRQUg,4,1,0,0,1,1,1
lgrDv-9XYWoTBuGByGshYw,4,1,0,0,0,1,1
xbaEMSf9gytgqmoBk_UUkg,2,0,0,0,1,1,0
t9cJMOdRBcci1g4pmWtFjg,3,1,0,0,0,1,0
S1Tu64bLEmg4aoYAUKKhUA,4,1,0,0,0,1,1
q30NFC8gwXHstEtzn_KjsQ,4,1,0,0,1,1,1
oygIpX7j3_yaxtNmvmTFYA,3,1,0,0,0,1,1
KLBZVKLBkF5OqVSnbBo5lQ,4,1,0,0,0,1,0
Ikm8LPbDZlJd4wPk-kQezw,4,1,0,0,0,1,1
VZ07tVzOD3DJgzEQJBkNFw,4,1,0,0,0,1,1
cn1Xjzwtj2rppEi0ZIPaZQ,4,1,0,0,1,1,1
wcXB9JhsNQ3eSjF5VltbiQ,3,1,0,0,0,1,0
v_vqna00z6WqKcIJZDkbAw,4,1,0,0,0,1,1
MRicGSGN-pCtP-wEFiAWKQ,5,1,0,0,0,1,0
kNCbrDQ6T2FgC5zjkye30A,3,1,0,0,0,1,1
YfQBJHjwSk_M3DrRd1dt6Q,4,1,0,0,1,1,0
e_uHgy2e1rJu7xkl61yapw,4,1,0,0,1,1,1
-9_F6sRmPdlbQ2n6n1whAg,5,1,0,0,0,1,1
WCyZZFwDzlrWLQmW8djGxw,2,1,0,0,1,1,1
2-dN7Ph_Z95POh98eEiDkQ,2,1,0,0,0,1,0
ZSFm8H2hlnzYsYeMdUxcmQ,4,1,0,0,0,1,1
16bxqGvRmT3yUdNdluuJXg,4,1,0,0,1,1,1
14wug4g_h4K-8zqxGIQ7gw,4,1,1,1,1,1,1
IxlNCKtEcKtRRgyVoNoO_Q,5,1,0,0,1,1,1
LULmYza-tIDL4k41UHyCug,5,1,0,0,0,1,0
KN8xrxTa4R31xgSRShAiBA,5,1,1,0,0,1,1
5UJvJ9L_eeGp0Z28hW4h4w,4,1,0,0,0,1,0
7EIozin9bIBL0T-gJiGI7Q,4,1,0,0,0,1,0
qXamwQGq8p7VXm1GwN5yZQ,2,0,0,0,0,1,1
5P_sxZLjPQsLDIYyQqCe6w,1,1,1,0,0,1,0
Cw1Bns7c_DMefNQxOcWUeg,5,1,0,0,0,0,0
Pxq6lxGwnhMcz_QidyxpIA,4,1,0,0,0,1,1
cbEe98Pd51S1-htCbLqPYw,5,1,0,0,0,1,1
wTD9F8O6wv3wXozoP2cOgA,4,1,0,0,0,1,1
oErQbBtEpyK3XmhmQNimFg,4,1,0,0,0,1,1
fYFuwZRBCYdJ_lmU6WG9rQ,4,1,0,0,0,1,1
7fWrs0xpexUnvWM1HmeTAw,3,1,0,0,0,1,0
gYPHD6axGVglsbuUcPFb5w,4,1,0,0,1,1,1
MLMI_PSuZYQyhM-ooe0Y6g,4,1,0,0,0,1,0
kTjWrQIpVXMle5FTNlerWw,5,1,0,1,0,1,1
X-E_qJ1Z9tif_4FGQgs91A,4,1,0,0,0,1,1
6NmaXt6rjBrG6rbDShgwKw,5,1,0,1,0,0,0
TdqChBrlQ4RxNtvxGF6tDQ,5,1,0,0,0,0,1
lcfD0VSjMxHYBnH-a4-w0g,5,1,0,1,0,1,0
3NY3Fg0TIpQlY38Y56cZXA,3,0,0,0,0,1,0
HWgd0hxR37LWhsO2U22EBg,4,1,0,0,0,1,1
5bBOx1qYorqrEhcGhS2MXg,3,1,0,0,0,1,0
mLfL9TlIgsJ3bfQYRsWZ4A,4,1,0,0,0,0,1
HsgM-CtRHolS6mTliZwL4w,5,1,0,0,0,1,1
m6MJhKvfw6b682b9f4OcbQ,4,1,0,0,0,1,0
QKMcd70-hcc23OzOoBIItQ,5,1,0,0,0,1,0
IRu4uxyXmRwNp_rO5hpUew,4,1,0,0,0,0,0
e28Y2ZAJjg10ppRxMYWcjA,5,1,0,0,0,1,0
RbzuOJPSnR4NnG1On36ULg,4,1,0,0,0,1,1
wYCxwJiYx6olhCZdd3DeEQ,5,0,1,1,1,1,0
pTlvSTFoGVwUK30Cpj4nGQ,4,1,0,0,0,0,1
9fuSR8RN6E6T20DNVSqZ8g,2,1,0,0,0,1,0
lROi3RtwE97SSYn6wRGOsw,2,1,0,0,0,1,1
XipwoysF1dPd0BJfNBo2Zw,4,1,0,0,0,1,1
Xfrk9ZRv_v8IB8t1JmnwVA,4,1,0,0,0,1,0
EjsLGIHUC7E0U-HdSujKNA,2,1,0,0,0,1,1
9oIA0qOufycPaEV-LQCs5A,5,1,0,1,0,1,0
wwQPa6j61_SmnsPk6nAjhg,2,1,0,0,0,1,1
TgTSHCr2RyNxcwJJveyqxA,4,1,0,0,0,1,0
F9JekMhlbgeUSF-a57CMPw,5,1,0,0,0,1,1
MhAkoQAOw7xqHPjRrnPW7g,4,1,0,0,0,1,1
pUp1DmCcx28qE71Kgn-QiA,3,1,0,0,1,1,0
iSRi-jopW2N2W08D4TdqLA,3,1,0,0,0,1,1
JJt2xm-_1pIbtB6H8-f0Dw,4,1,0,0,0,1,1
n5XX0M476XlmChBEHTPdZA,4,1,0,0,0,1,1
NQ2M59z6YVNWUHTnNy9KfA,2,1,0,0,0,1,1
9Ldo7ocJHVrEzRXUpN3Weg,2,1,0,0,0,1,0
p4cF23LBbkaG-gT6Yp4W2Q,4,1,0,0,0,1,0
0fMrxSTpsTZJZFjSUtwW2w,3,1,0,0,0,1,1
3UJua2ZWEtHiBkAkUBFGCA,3,1,0,0,0,1,1
pV0xgMdZED5M3ukcH36aJA,3,1,0,0,0,1,1
cdLyTFGmhhYLIq99wnN32Q,4,1,0,0,0,1,0
m3mLlSGV5_qS1LIwAHZdBQ,5,1,0,1,0,0,1
ymIq8acsst7zq9XT0VYH3w,1,0,0,0,1,1,1
iBkhPuvFOVwagIsdgXo7yw,5,1,0,0,0,1,1
aDcLGfNHzJu2HEozDclqWw,3,1,0,0,0,1,1
1Lb2CM1M744Or-AzgUx9hg,3,1,0,0,0,1,1
AMo7fYjA5xDIeG7TtViVmg,3,1,0,1,0,1,0
uZUiYj3bF-x4CvS5khx_gA,5,1,0,0,0,1,1
yO1d0S_Lb9SoLstlHKG2nQ,3,1,0,0,0,1,1
xllyo5KDwC7AAmb1Anprdg,3,1,0,0,0,1,0
-2slH9PUjJ9YK16b0hGxWg,3,1,0,0,0,1,1
06EMsFBgKMdB6htNF4a_mg,5,1,1,1,0,1,1
ZJp4zt7tx2OaY6BJ6vw-ng,3,1,0,0,0,1,0
mUkkLhmjiQJ5VXZaDEGaLg,4,1,0,1,1,1,1
M3cyhLHl1NBrZV6WEriIog,2,0,0,0,0,1,1
Vt7D_WF5d_O5nsDjGbvNKQ,1,1,0,0,1,0,1
HMv0ZijqCzqwlUZjGJYqnA,3,1,0,0,0,1,1
68wvtpgTEU_vaz0X3nBDxA,4,1,0,0,0,1,0
G7xigIA_0qQdRT-PkUMJQg,2,1,0,0,1,1,0
fV2L2sw1BRuGE-yNgg2xqQ,5,1,0,0,0,1,1
4g11EYnFsbHej438_MsCFA,4,1,0,0,0,1,1
YcBBSy0kX-KCtHrXo7WuQQ,4,1,0,0,0,1,1
n-hEy35uukSmsDMCAdSbbQ,1,0,0,0,1,1,0
STuaHBDD33GLNnxfHAFtNA,5,1,0,1,0,1,1
IUSFbOIk_mmxRyB6NNxmjw,5,1,0,0,1,0,0
h-NvywvfmvrjSssQ0B_4cQ,4,1,0,0,1,1,1
GV_b7bZ8xo37_SUnDtx18A,3,1,0,0,0,1,1
5mj_pYHFTx8utLMluynUXA,4,1,0,0,0,1,0
1Bv7n9FpBmYF6cPN_ttobQ,4,1,0,0,1,1,0
_4phv9XzNCWRCsISk4VAsA,4,1,0,0,0,1,1
qVJQZBNykLj1ftT8G235Mw,1,1,1,0,1,1,0
81ar54e8Q-4KCyklM5HwQQ,3,0,0,0,0,1,1
KxXYyjxgRPMy1kdxDDKAoA,2,1,0,0,0,1,0
BHipTgtIq_puD-dQuwIeKQ,5,1,0,0,0,0,0
rObTkrVHcy6fiQY1Y4_5qw,5,1,0,0,0,1,1
yddTfdJ1DgKFzUE-hOhYpw,5,1,0,0,1,1,0
QjTLNlLOOO7BbQJhApk92w,5,1,0,1,0,1,0
zeFGWtQ9IUtGlgaqo_hMEQ,4,1,0,0,0,1,0
C_1c-7W00JC3IUAAcisLZw,4,1,0,0,1,1,1
-unCU8aVi2mwl2Iky0cxFw,4,1,0,0,1,1,0
DXZ3TP5MXb7X8vr76lpMAg,3,1,0,0,1,1,1
GKMJSqKp1Tvo_4TYuknrjQ,4,1,0,1,0,1,1
xH1QWjvqeTnnY91PL2AIaw,4,1,0,0,0,0,0
u_UgvuCGeUjWfEZxBS8DzQ,5,1,1,0,0,1,1
fo-zheAQd7LEBfAKJriLww,3,1,0,0,0,1,1
QzfP8iN3AarwBxUXPeRExQ,4,1,0,0,0,1,1
91j8b2vjlHPy4EyvjRa5UA,2,0,0,0,0,1,1
NHk1bisMcSLko6hkblGk3g,3,1,0,0,0,1,0
FgcHp40DPeXlJ0jPZKMuXw,3,1,0,0,0,1,0
-me2TMhLLOX-k16rh6RKiw,4,1,0,0,0,1,1
qxcEm3As4MtSPYa9xKn72Q,4,1,0,0,1,1,1
Wxx2AIcWkwts2pPlYxRVbQ,4,1,0,0,1,1,1
EQ4PyBBXnBeFWDoQQ_tYeQ,2,1,0,0,0,0,1
k5ncc1FSi5QDqrSvCOE1wQ,5,1,0,0,0,1,1
qYO4ppOEvc-sWvJ8-1oIew,5,1,1,0,0,1,0
cce0rPlPgmMhSVN0b3Dr4g,2,1,0,0,0,0,0
J5a8w1IZ1GZTb9BsMeiFEQ,4,1,0,0,0,0,1
veO2CMB-VpFJPwF_kXVkqA,1,1,1,0,1,1,1
oEFr3usXv90M5ihaV_26Tg,5,1,0,0,1,1,1
X0po3hlZm1zA5r5_A7_I8g,2,0,0,0,0,1,1
LZpNMp9BG1hXljvxOVoH8Q,4,1,0,0,0,1,0
dV9xoPQnwhj20QmPOMaJYw,3,1,0,0,1,1,1
eLNl3SVhnHDB_gRwHQVZVg,4,1,0,1,0,1,1
mX4XxBwUN6eRn8-Nptq7yg,5,1,0,0,0,1,0
VzBavobJDICQ5A6jSMt9cQ,3,1,0,0,1,1,1
rLtuUt16tCfM7T99DaG66Q,4,1,1,0,0,1,1
FOxFX-x1RBMw--JqMvVMNw,2,0,0,0,1,0,0
puVXnkZd0GjWlRpqwt_xhg,4,1,0,0,0,1,1
Xvux58ztZYqEEKnfh5e4Dw,3,1,1,0,0,0,0
BvIBYNiwfNLpNljbYNhOaw,3,1,0,0,1,1,1
b14flzMRl1iEeG6CtJMhZQ,5,1,1,0,1,1,1
LD2EdAmSAV32NornQKtXHA,4,1,0,0,0,1,1
zIVFrNzgxpiotk0loY6GVg,4,1,0,0,0,1,1
NGRq-fhraWVDYpAs7nw-RQ,3,1,0,0,0,1,1
d6oFq7ghKt1tBNdWXDdRzw,5,1,0,0,0,1,1
6D0Wqg9dVh_v-aUbVwLIHg,4,1,0,0,0,1,0
goCFS0pASBNIJdOD-e6KkA,5,1,0,0,0,1,0
UN1ZMropPN_Vo3gPMPGkXA,4,1,0,0,0,1,1
FqTW9SXHTBt5F9tlvNG6Yw,4,1,0,0,0,1,1
UO2BFDgKww61W7169nPDmA,3,1,0,0,0,1,1
AMH582ZBjMmZ3NbCt28DIw,4,1,0,0,0,1,1
6UOp1MHRyDB1vwBWYC61og,3,1,0,0,1,1,1
SpQmiJDDWmKSgFDReklMTg,2,1,0,0,1,0,0
XMcG6oDddSMyWsOEI3v2jQ,3,1,0,0,1,1,1
wgIfcAF_5OUBVHNuf1DsGQ,3,1,0,0,0,1,1
X1rviqiHyXL4rw6Bn4KsaQ,4,1,0,0,0,1,0
ylcYpTe4YJFf6ytDyZq7rg,4,1,0,0,0,1,1
dHT6IdPnAbMvLEPNjoACLg,4,1,0,0,0,1,1
5iUoTMPe68uNKa-FZR2KZg,4,1,0,0,1,1,1
b5Jtx3tXhKBlFoVe0J10NQ,3,1,0,0,0,1,1
h-wfp57vE4bqd5XpSimVGw,3,1,0,0,0,1,1
g194RQZ3Lwp9SOrJxGKXAw,4,1,0,0,1,0,1
UH2ldoHxQNbS1y5boOGxhw,3,1,0,0,1,1,0
l9_4S_J26sbOZkoRLU5WCw,4,1,0,0,0,1,1
QJsDOrxFwSE9LXYy6mpAiw,2,1,0,0,0,1,1
vc-ptXFM-vMYnwMwZhm47g,5,1,0,0,1,1,1
z8JSPtquEA8Fv4T2d1duqg,5,1,0,0,0,1,1
CqQSzXFLH7lE2CKzUWH42g,3,1,0,0,0,1,1
ezJI63Crog5fsWie1xzG6A,3,1,0,0,0,1,1
QwXiuIDjX-yWa7_f5B9puw,4,1,0,0,1,1,1
jKH7pAblR2WnZcVeFNYqhw,3,1,0,0,0,1,1
EGX18yRggGbseDGKPNyTLg,4,1,0,0,0,1,1
vs40a26xjK2oOIZqIerJYg,4,1,0,0,0,1,1
SPp46aC_4VARzuSh-861yA,3,1,0,0,0,1,1
EB2p_BSIqH44kcTKO2Qmag,4,1,0,0,0,1,1
VjA0dyvxCZSn0vnNdWLbKA,5,1,0,0,0,1,1
YZxax_JxJhRNiuGRzpTZKA,4,1,0,1,0,1,1
WiuI1gooeRu56OB5rY9GAw,3,1,0,0,0,1,1
fIZaQWxNGe5Zu7eDDddl0w,5,1,0,0,0,1,1
HkdIGOvJunTJG8hR1l09Cw,3,1,0,0,0,1,1
RRuPYDlpbtX2oScNZX7bwg,4,1,0,0,0,1,0
vmygwd8y38EIbJL_FiMuEQ,5,1,0,0,0,0,1
o0YYqB_hn2jJxyzZ-6dvvQ,4,1,0,0,1,1,1
1uXrs6OJPzi2G6cxx5o32A,4,1,1,0,0,1,1
a6BMz9GirebgqsSpld-urQ,2,1,0,0,1,1,0
JB3fC-OP1-Jtii_VSh6dHg,5,1,0,0,0,1,0
v1yoP9ALApAvRGQ07mSdWg,4,1,0,0,0,1,1
J5poTVR4Uqma0_-Iq0oGdQ,4,1,0,0,0,0,1
8231LyFApqIr480PKQR2cw,3,1,0,1,0,1,0
8pI6NhRCrxHUmJ8M_8T3uA,3,1,0,0,0,1,1
tJuENHCYzFD9PqnrLRCnlg,5,1,0,0,0,1,1
mQA2t-a03tmQ5qhqRa39TA,2,0,0,0,0,1,1
mpHInkENPWKBQX0U9dDgrQ,5,1,1,1,0,1,0
0MJvRl1WeW_fKjKDGF4Itw,5,1,0,0,0,1,0
12puMeoG4Y2OS0Zeh_4Vug,3,1,0,0,0,1,1
SA-lp8HJOh8km9sZJsJnfg,4,1,0,0,0,1,1
CyTdLPijF-Q8zia9S3bQvQ,3,1,0,0,0,1,0
xH8XpThirOKC_sRmYSp9FQ,4,1,1,0,0,1,1
mFbMQL4s9fhnNRigkroJ1A,1,0,0,0,0,1,1
mOkO1JFFw2Iskgg30mJABA,5,1,0,0,0,1,0
9BqYBdI7xqgmrqwC3tacEA,3,1,0,0,1,1,0
uYNjeZ5UvIHvXZ0ABuXF0g,4,1,0,0,0,1,1
4z2zE8WVH_linhT5APMIPg,4,1,0,0,1,1,1
9yyd7GaPhPjhhXWq61y3IA,4,1,0,1,0,1,1
iffqq6hDurlDWKQThZm5uA,4,1,0,0,0,1,0
euuI0_ECSOzs7Zxih84AqA,4,1,1,1,0,1,1
CEiV5uTE84QQ4NRCJL6aTg,4,1,0,0,0,1,0
sqagmxPwooI6XVvSjvj5YQ,4,1,0,1,0,1,1
9Jxo_vUbKBzdpbJBDU3pdQ,5,1,0,0,0,1,1
TXoOQtYA435oRklPe_3Maw,5,1,0,0,0,1,1
ycXhAcVl2VigM6O1Svx6bA,5,0,0,0,0,0,0
9PmtLYa_Cy-DtgI-tYlOIQ,2,1,0,0,0,1,1
xX66v8dVyQ4JdGgPWEDufA,4,0,0,0,0,1,1
lauMl1GSzlgu-0M-ENdKQg,5,1,1,0,0,1,0
uKt-bi0YuOQUS0Yy0uqUAg,4,1,0,0,0,1,0
9YLIFxGPYgH5PzT-Hj8--w,2,0,0,0,0,0,1
R9m1Pb37YhSo9WJAKEr3Xg,3,1,0,0,0,1,1
x18CDd5oQpbPgVg-Jndx0w,4,1,0,0,0,1,1
pwZdc17t9aoK6yS714zl3A,4,1,0,0,0,1,1
VLwCKXBrVjBHaMwxLz5AcQ,4,1,0,0,0,1,1
mkmalengTS0LarMm_ZiJ0w,4,1,0,0,0,1,1
ch77U6h1t81V2tEe2hyRIw,4,1,0,0,0,1,1
YjuC6X6RiPJA-dS8EHwrtg,3,1,0,0,0,1,1
2RJ1z-vNFnmeuWjkN3u3bg,4,1,0,0,0,1,1
zdHYuDA541CB205_EiRDLg,5,1,0,0,0,1,1
qST239voJrcu7xxeF1r9cA,4,1,0,0,0,1,1
X2Z7ffuYrneF4z7HCue_NQ,4,1,0,1,0,1,1
GU3dOawEWrt-NKkYOeoiuQ,5,1,0,1,1,1,1
7vqGH4n12eTuuJqGFPzNyg,5,1,0,0,0,1,0
5-9-1Ejn4Bf5N_RD0ppvzA,3,1,0,0,1,1,1
4P2OKnuCnGYWQsN9n6uP2A,4,1,0,0,0,1,1
fbEVK13G8dQlg4y23uxMGg,4,1,0,0,0,1,1
ZzGyTZiOkR758C_7bcPekg,3,1,0,0,0,1,1
lOg1y6y350CdnfYlHJpHYg,3,1,0,0,1,1,1
SrFFOod404iO51TxQTpQAg,3,0,0,1,0,1,1
D9rvtljz6XRdt5PFDkvNGg,4,1,0,0,0,1,0
OaYSTg3qlZRM_v6G-4ZVOA,4,1,0,0,0,1,0
t27cfFjY1iLaQD5dTQOpCg,2,1,0,0,1,1,1
zaHqyz8NTTMRvaJFvabu1g,3,1,0,0,0,1,0
riGn-RYqkWMUBtI5Qosoaw,4,1,0,0,0,1,1
HpDWpS6rpF-mY0Dx0nvH-g,3,1,0,0,0,1,1
2u88essZZkL1NIPW0wwOSA,4,1,0,0,0,1,1
-ch3ET0QStiKPWo1Vy68eA,4,1,0,0,0,1,1
y_G0xkomswVQaejYp4Fy4g,3,1,0,0,0,1,1
QyKVJ1vSYZg_b6bTIslbwg,2,0,0,0,0,1,1
xYrqQVUm90Hgsey6gTNEZQ,4,1,0,0,0,1,1
jep98ue9-5B12-J-FKNg1g,4,1,0,0,0,1,1
bHwdWrlnLyYm7Anm3SulPA,3,1,0,0,0,1,0
wklNsFM-tG5mjopYZYyvXQ,3,1,0,0,1,1,0
90OogtpYzvIfHrBtgxgbIQ,4,1,0,0,0,1,0
idToyk26UAcCyQQLbufcAQ,4,1,0,0,0,1,1
pjHGf-44XrJDW31j_EOmbg,4,1,0,0,0,1,0
EBUiUtifi9u4Uf1IJYqhOw,2,0,0,0,1,1,0
MoR1pFBnxZeO-A890hsfOw,5,1,0,0,0,1,0
BmXWt1UzsVU0ZsYoN5PDrA,4,1,0,0,0,1,1
sfV90qiyQGsi5KwyKZ6vIw,3,1,0,0,0,1,1
Mo3t-QI5YsZNvCy_zuBdTA,5,1,0,0,0,1,0
7GByhnAZt6pcR2nSsYBWvQ,3,1,0,0,1,1,1
WxN1ZfVlZfkWk6WNLRUlJQ,4,1,0,0,0,1,0
P32kIN7x4ALH_TfWAfmfug,4,1,0,1,0,1,1
iGY6rrmoxLmRrZuWr2DXIg,2,0,0,0,1,1,1
rFhmVbheWejlkkX7WqzIAw,5,1,0,0,0,1,0
GlmLkbkOtdzTHnTFeWwxyA,5,1,0,0,0,1,1
zv8_zaGKFwUvm9nWhgnPtw,3,1,0,0,0,1,1
Y0fYGN8sfGIVRHAAUSvYsw,4,1,0,0,0,1,1
LSDAi0WG6uiQxRDnF91XMQ,4,1,0,0,0,1,0
Yb04s8ffQODSYWyNmrCjGw,3,1,0,0,0,1,0
MBxcC2spB4juXq9lqExFKA,3,1,0,0,0,1,1
CBTfBDC5NB7iXSfbFlrcTQ,5,1,0,0,0,1,1
ZwUMmI8s0Gc4tuQ4nIB_Zw,2,0,0,0,0,1,1
LFXtVrxODMM88Pb6OOk7eg,3,1,0,0,0,1,1
B72M5pQD7amzi3O7QehCTQ,2,0,0,0,0,1,0
Tky4LMt9IXlu0i5widrRZA,1,0,0,0,0,0,1
3Hsb0S7keIjg956n-7Ckow,4,1,1,0,0,1,1
RfBadspMiubpR0lDkVDdNA,3,1,0,0,0,1,0
8li92PJwuy1fy9p4-TPekQ,3,1,0,0,0,1,0
cAxLyZ1o5OcaziDAIXshSw,4,1,0,0,0,1,0
cboVR9dDuQYwyQRCrwX71g,3,0,0,0,0,0,0
Br2kxlfN8YNjJlD1bKrVxg,4,1,0,0,0,1,1
f3Xhbknnhh0jjoKP-I0X9Q,1,1,0,0,0,1,0
F6DcTegtx9sVdIuEsP_nsA,2,1,0,0,1,1,1
Qbx8RhVbuYQfd-UufnXr8g,4,1,0,0,0,1,1
AtdLdhClg_yhrjmkDTmcUQ,3,1,0,0,1,1,1
18EC88ppd63d9JMzfXIKrA,2,0,0,0,0,0,0
jZPE1ozYRmVQdIvp49L0gQ,4,1,0,0,1,1,0
6E9AiMa4mFIXJ0V6BK8TiA,4,1,0,0,0,1,0
XzuxMWIznHHLVTL7BFQg9Q,1,0,0,0,0,0,0
UPeyyZ4p8Gshl5OUYbN88w,5,1,0,0,0,1,0
AMp2Bg1D_efzaAaSGa1qGw,5,1,0,0,0,1,1
wehtVVR1JBJn7siLT3vfpA,4,1,0,0,1,1,1
Utcr10MpHDWFoqLeEqmgOg,4,0,0,0,0,1,1
V90tOhvu5MpOx2AfriTVqg,3,1,0,0,0,1,1
kM2OVIcH4CwpWtGDIvBssQ,3,1,0,0,0,1,1
XTVvuOMZ5ibsI2lTNPBpvQ,5,1,0,0,0,0,0
A-RFY1GE2D7x0DTlRKA7eA,3,1,0,0,1,1,1
YTGywGYr_CSidzCMiakWEA,4,1,1,1,0,0,0
Gfe5VxwUtUMXjy_18Nn9QQ,3,0,0,0,0,1,0
M-aAUfhmoUjkg24bhx7iIQ,5,1,0,1,0,1,1
Gd52kRpEyLdQvUyO3I-3JA,3,1,0,0,0,0,1
oVOgiEnfijhZU6zpNgy0mA,4,1,0,0,0,1,1
doN40fPIewGN88ga4HZSEA,5,0,0,0,0,1,1
FU80GhkVeJp6gsYjk-DzqA,5,1,0,0,1,1,0
QbhrEPuXmWsGkp23_NSGJg,4,1,0,0,1,1,1
UwBWnOJN88X8KrnGx6uJfw,3,1,0,0,1,1,1
2Y-cy25mig7WM955KOcqMQ,2,1,0,0,1,1,1
FV7iTLa1_G9ST6Ort2iy_Q,4,1,1,1,0,1,0
WvrVI5Qub_qfgC3A5SFCfg,3,1,0,0,0,1,1
qWld9aah-havIH3Ygv0pRA,4,1,0,0,0,1,1
oAsXWUVU1WVOIxPlMT8KRA,4,1,0,0,0,1,0
1vWMof26DwxLgDoRyCzGOg,2,1,0,0,1,1,1
efb8XanM-A07tkelq6p2TQ,2,1,0,0,1,1,0
H7EZm2DQ13sbJngV51ATig,2,1,0,0,0,1,0
REzYKUMuqwYCxa8IFzR7Nw,2,1,0,0,0,1,1
HkrsfVZxYoT2avLV6LuHjw,4,1,0,0,0,1,0
gWtfAb3VVOSApDXrlOg5Aw,3,1,0,0,0,1,1
-ONBja1I0ePL7-yxCefYSg,2,1,0,0,0,1,1
POP18lPv7MPLVzqv8olHYQ,3,1,0,0,0,1,0
qth_U8-Kwp67gA9u2jNECw,4,1,0,0,0,1,1
-hWqt93mXwiPUmS12suf6w,4,1,0,0,0,1,1
9auCaEUzg1-X4XcxI5l2sg,4,1,0,0,0,1,0
vhW6JmZqkLohRPK_iPDi4Q,4,1,0,0,0,1,1
M2jY6Q6Ha4FoVQ3WdZoqGA,2,1,0,0,1,1,0
r9DKU5daPucWc8gcUVMwDw,5,1,0,0,0,1,1
AsreyLf8A2GbVACsZWKaSg,3,1,0,0,0,0,1
tFdGVOO3pVloOU9Wz0Ybvg,4,1,0,0,0,0,1
NjfHajT4G22xIINqpmNlXw,4,1,0,0,0,1,1
1NuHkM5q5npt6tyBGvMrAg,3,1,0,0,1,1,0
MdG2pnK6qZ28VUqwVwn8Hw,3,1,0,0,0,1,0
FsJImlCL9GbTD5jBOFwSsw,2,1,0,0,0,1,1
QpyqdzfNXgS08Q2BFzjhDw,5,1,0,0,0,1,1
zuGpUPcfws1FeupSkt8WVw,4,1,0,0,0,1,1
sF4d_fH_A_wylZBEUb9Piw,5,1,0,1,1,1,1
OGQlNVEpKsAoJmhp37p7MA,3,0,0,0,0,1,1
kjASVLH1E_1G46y1ro9M5A,5,1,0,0,0,1,1
zm0SUU6PnnYgAO0Q2mLILA,4,1,0,0,0,1,1
L1XOLV4ij_xWVn-2bp1rQw,4,1,0,1,0,1,0
2d2JsoZNuyG7T56F1JLjNw,5,1,0,0,0,1,1
oiOu7COh2GMwRANa-88iIg,4,1,0,0,0,1,1
SUYd7FFXYgaugCP45cAkfA,5,1,0,0,0,1,1
RjWQIIShjDoeUJCs2UmHyQ,3,1,0,0,0,1,1
K-DX6rvzgawo6Yli7_xVeQ,4,1,0,0,0,1,1
djWRCckW_KW4EfHwTDYF6A,4,1,0,1,0,1,0
4yE9Jon2vRbLn4T2abC6Fw,3,1,0,0,0,1,1
Y5RYLWn7n6OWrIfm-0K8Kg,3,1,0,0,1,1,0
-Uez8TfwFgsht-h8E5cH6A,2,0,0,0,0,0,1
HJQMHwCpLe0m1BeCTEbn3w,4,1,0,0,0,1,1
VoeI1ecQdnQd81MDIFNxLQ,4,1,0,0,0,1,1
NwC6HhcWEfkcC1WjxC57_w,5,1,1,0,0,1,1
2jK36fVSvBx5p_qjfXd11Q,3,1,0,0,0,1,0
KMyJL1pIiqIdSdRett_WWw,3,1,0,0,0,1,1
iiAQ7A-kn33oqw927wjyLQ,3,1,0,0,0,1,1
jfUi8z_bi5Ih1MvG4MqL-w,4,1,0,0,0,1,1
jjfqSWrXAk3R7BogJnpXzg,4,1,0,0,1,1,1
nMXJDabXAbU2PY2d1rl3kQ,4,1,0,0,0,1,1
OWVVJBd-_PfPFaiWwCygXw,5,1,0,0,0,1,1
J5nR3qqaHKgROPAvN8vN5Q,3,1,0,1,0,1,1
CNbThuDvxo5NnT0eZ70gzQ,3,1,0,0,1,1,1
6qW0qp_Hd1Z-ix95dxy2bw,5,1,0,0,0,0,1
5OZC1G8cU1tCV14DO7DC0Q,5,1,0,0,0,0,1
8_UPjFzaihKnjyTTesO7Hw,4,1,0,0,0,1,1
tw5TspU0WqEJ0GSLgRy3ww,3,1,0,0,0,1,1
bEWF81b1O9-U3GwkEbo49w,5,1,0,0,0,1,0
g0RT2BzVy7-J-KHvF1ahGA,2,1,0,0,0,0,0
AMWUSscJfD23ZHmdhd9v7Q,3,1,0,0,1,1,1
s4WmZN_aRKm11MzOLP6SNw,4,1,0,1,0,1,0
u5k7hyTH9oUjNSFpfMkiQA,5,1,0,0,0,1,1
eJUhNCIJkslALOpOaadjxA,4,1,0,0,1,1,1
TpIjDeeyMqZSN7AXSsx3Uw,2,1,0,0,1,1,1
cbTfQMiKtS7BTby81VJ8Bg,5,1,1,0,0,1,0
ik-kAu3YryyhohJ8n_NNmw,1,1,0,1,1,1,1
0u0kworBwVBIhYy74qCAJg,5,1,0,0,0,0,0
8bSPm3kCP9tIjb-vraWpbw,5,1,0,0,0,1,0
jKgmluD959CLD8sdmBuQ1g,3,0,0,0,0,1,0
1auxlzg0BFTKEQxLB3TU7g,4,0,0,0,0,0,0
5WrSS2gqvhJSj8DEJ2vNeg,3,0,0,0,1,1,0
25Va_KOB7-gi7niCe8YCUA,4,1,0,1,1,1,1
qEGuC3gDYVT1vIA1qV4khQ,4,1,0,1,0,1,1
mNbmYSH6Uy97Wyf15oH9Uw,5,1,0,0,0,1,0
qjobr-kG28RLtmLd4W5SvA,4,1,0,0,0,1,0
nWa1YKFaSTY_XpkalRmAWw,5,1,0,0,0,1,1
RUfcsQ6xhNPabPH_LBBx1w,4,1,0,0,0,1,1
GptIRsIFL3xq8YrDVOarXw,4,1,0,0,0,0,0
XCG2Qr4vZuJRCPSp5Y_y-g,2,0,0,0,1,1,1
